{
  "project_info": {
    "project_number": "2214748316",
    "project_id": "pet-pal-a50a4",
    "storage_bucket": "pet-pal-a50a4.appspot.com"
  },
  "client": [
    {
      "client_info": {
        "mobilesdk_app_id": "1:2214748316:android:e2ae82c2e4e1d47bf94d59",
        "android_client_info": {
          "package_name": "com.example.firstapp"
        }
      },
      "oauth_client": [],
      "api_key": [
        {
          "current_key": "AIzaSyDeZkuB22g4ghl9evIX2OfhhK-5oRpvVgU"
        }
      ],
      "services": {
        "appinvite_service": {
          "other_platform_oauth_client": []
        }
      }
    }
  ],
  "configuration_version": "1"
}